﻿<?xml version="1.0" encoding="utf-8"?>
  <TestCaseConfig LuaPath="c:\Program Files\Lua\5.1" AlarmMailAddress="gongwanyi@kingsoft.com">
  <Setup>
  	<!-- update svn -->
    <Execute Name="C:\Program Files\TortoiseSVN\bin\TortoiseProc.exe" Param="/command:update /path:&quot;D:\CheckTableRunner\CheckTable\&quot; /closeonend:1" />
  </Setup>
  <Teardown>
  	<!--	sample
    <Execute Name="c:\Program Files\TortoiseSVN\bin\TortoiseProc.exe" Param="/command:update /path:&quot;E:\Moon\SourceCode\trunk&quot; /closeonend:1" />
    -->
  </Teardown>
  <TestSuite Name="[新剑网三] - Head版本 配置表检查案例" NeedGlobalSetup="True" JustSendMailWhenFailed="True" PickScriptHeaderWhenFailed="True">
    <MailList>
      <Mail Name="剑三-日常配置表检查" Address="gongwanyi@kingsoft.com" />
    </MailList>
    <TestCaseList RootPath="D:\CheckTableRunner\CheckTable\jx3">
      <TestCase Name="门派需求优先分配规则" Path="门派需求优先分配规则.lua" PersonInCharge="gongwanyi@kingsoft.com"/>                                                                                     
    </TestCaseList>
  </TestSuite>
</TestCaseConfig>