﻿<?xml version="1.0" encoding="utf-8"?>
  <TestCaseConfig LuaPath="D:\CheckTable\lua" AlarmMailAddress="heweidong@kingsoft.com">
  <Setup>
  	<!-- update svn -->
	<Execute Name="C:\Program Files\TortoiseSVN\bin\TortoiseProc.exe" Param="/command:update /path:&quot;D:\CheckTable\Repo\trunk\Setting&quot; /closeonend:1" />
  </Setup>
  <Teardown>
  	<!--	sample
    <Execute Name="c:\Program Files\TortoiseSVN\bin\TortoiseProc.exe" Param="/command:update /path:&quot;E:\Moon\SourceCode\trunk&quot; /closeonend:1" />
    -->
  </Teardown>
  <TestSuite Name="[仙剑4] - Head版本 配置表检查案例" NeedGlobalSetup="True" JustSendMailWhenFailed="True" PickScriptHeaderWhenFailed="True">
    <MailList>
		<Mail Name="仙剑4-日常配置表检查" Address="CaoChen@kingsoft.com" />
		<Mail Name="仙剑4-日常配置表检查" Address="fuming1@kingsoft.com" />
		<Mail Name="仙剑4-日常配置表检查" Address="GuanZhuo@kingsoft.com" />
		<Mail Name="仙剑4-日常配置表检查" Address="liuyuning@kingsoft.com" />
		<Mail Name="仙剑4-日常配置表检查" Address="LIUZHIHENG@kingsoft.com" />
		<Mail Name="仙剑4-日常配置表检查" Address="wangyang@kingsoft.com" />
		<Mail Name="仙剑4-日常配置表检查" Address="weiqiwei@kingsoft.com" />
		<Mail Name="仙剑4-日常配置表检查" Address="xiaqian@kingsoft.com" />
		<Mail Name="仙剑4-日常配置表检查" Address="yanfei@kingsoft.com" />
		<Mail Name="仙剑4-日常配置表检查" Address="yuandi1@kingsoft.com" />
		<Mail Name="仙剑4-日常配置表检查" Address="zhangfan6@kingsoft.com" />
		<Mail Name="仙剑4-日常配置表检查" Address="zhangmingzhe@kingsoft.com" />
		<Mail Name="仙剑4-日常配置表检查" Address="ZHANHAOZHE@kingsoft.com" />
		<Mail Name="仙剑4-日常配置表检查" Address="ZhouYilun@kingsoft.com" />
		<Mail Name="仙剑4-日常配置表检查" Address="ZhouBowen@kingsoft.com" />
		<Mail Name="仙剑4-日常配置表检查" Address="heweidong@kingsoft.com" />
    </MailList>
    <TestCaseList RootPath="D:\CheckTable\RuleScrip">     
		<TestCase Name="技能配置表检查" Path="SkillTabRuleScrip.txt" PersonInCharge=""/>     
	</TestCaseList>
  </TestSuite>
  
</TestCaseConfig>